Name;Country 1;Country 2;Country 3;Country 4
Jacob Aagaard;Denmark;Scotland;;
Manuel Aaron;India;;;
István Abonyi;Hungary;;;
Gerald Abrahams;England;;;
Tatev Abrahamyan;Armenia;USA;;
Leonardas Abramavičius;Lithuania;;;
Jude Acers;USA;;;
Peter Acs;Hungary;;;
Michael Adams;England;;;
Weaver Adams;USA;;;
Utut Adianto;Indonesia;;;
András Adorján;Hungary;;;
Yochanan Afek;Israel;;;
Vladimir Afromeev;Russia;;;
Simen Agdestein;Norway;;;
Evgeny Agrest;Belarus;Sweden;;
Georgy Agzamov;Uzbekistan;;;
Carl Ahues;Germany;;;
James Macrae Aitken;Scotland;;;
Ralf Åkesson;Sweden;;;
Anna Akhsharumova;Russia;USA;;
Varuzhan Akobian;Armenia;USA;;
Vladimir Akopian;Armenia;;;
Mohamad AlModiahki;Qatar;;;
Simon Alapin;Lithuania;;;
Vladimir Alatortsev;Russia;;;
Adolf Albin;Romania;;;
Lev Alburt;Russia;USA;;
Alexander Alekhine;Russia;France;;
Alexei Alekhine;Russia;;;
Grace Alekhine;USA;England;France;
Aleksej Aleksandrov;Belarus;;;
Evgeny Alekseev;Russia;;;
Hugh Alexander;England;;;
Aaron Alexandre;Germany;France;England;
Nana Alexandria;Georgia;;;
Johann Baptist Allgaier;Germany;Austria;;
Zoltán Almási;Hungary;;;
Izak Aloni;Poland;Israel;;
Yoel Aloni;Israel;;;
Boris Alterman;Israel;;;
Friedrich Amelung;Estonia;Latvia;;
Bassem Amin;Egypt;;;
Farrukh Amonatov;Tajikistan;;;
Bruce Amos;Canada;;;
An Yangfeng;China;;;
Viswanathan Anand;India;;;
Erik Andersen;Denmark;;;
Frank Anderson;Canada;;;
Adolf Anderssen;Germany;;;
Ulf Andersson;Sweden;;;
Dmitry Andreikin;Russia;;;
Zaven Andriasian;Armenia;;;
Dejan Antic;Serbia;;;
Rogelio Antonio Jr.;Philippines;;;
Vladimir Antoshin;Russia;;;
Oskar Antze;Germany;;;
Manuel Apicella;France;;;
Izaak Appel;Poland;;;
Fricis Apšenieks;Latvia;;;
Lev Aptekar;Ukraine;New Zealand;;
José Joaquin Araiza;Mexico;;;
Ketevan ArakhamiaGrant;Georgia;;;
Walter Arencibia;Cuba;;;
Alexander Areshchenko;Ukraine;;;
Keith Arkell;England;;;
Romanas Arlauskas;Lithuania;Australia;;
Jon Arnason;Iceland;;;
Dagur Arngrímsson;Iceland;;;
Levon Aronian;Armenia;;;
Lev Aronin;Russia;;;
Andreas Ascharin;Estonia;Latvia;;
Jacob Ascher;England;Canada;;
Konstantin Aseev;Russia;;;
Maurice Ashley;Jamaica;USA;;
Karen Asrian;Armenia;;;
AsSuli;Abbasid Caliphate;;;
Ekaterina Atalik;Russia;Turkey;;
Suat Atalık;Turkey;;;
Henry Atkins;England;;;
Arnold Aurbach;Poland;France;;
Yuri Averbakh;Russia;;;
Valeriy Aveskulov;Ukraine;;;
Herbert Avram;USA;;;
Boris Avrukh;Israel;;;
Zurab Azmaiparashvili;Georgia;;;
Alexander Baburin;Russia;Ireland;;
Étienne Bacrot;France;;;
Paul Baender;Germany;Bolivia;;
Giorgi Bagaturov;Georgia;;;
Amir Bagheri;Iran;;;
Camilla Baginskaite;Soviet Union;Lithuania;U.S.A.;
Vladimir Bagirov;USSR;Latvia;;
Mary Bain;USA;;;
David Graham Baird;USA;;;
Vladimir Baklan;Ukraine;;;
Yuri Balashov;Russia;;;
Rosendo Balinas;Jr.;Philippines;;
Zoltán von Balla;Hungary;;;
Csaba Balogh;Hungary;;;
János Balogh;Romania;Hungary;;
Julio Balparda;Uruguay;;;
Amikam Balshan;Israel;;;
Hristos Banikas;Greece;;;
Anatoly Bannik;Ukraine;;;
David Baramidze;Georgia;Germany;;
Zsigmond Barász;Hungary;;;
Abraham Baratz;Romania;France;;
Gerardo Barbero;Argentina;Hungary;;
Gedeon Barcza;Hungary;;;
Olaf Barda;Norway;;;
Curt von Bardeleben;Germany;;;
Leonard Barden;England;;;
Evgeny Bareev;Russia;;;
Robert Henry Barnes;England;New Zealand;;
Thomas Wilson Barnes;England;;;
Alexei Barsov;Uzbekistan;;;
Mateusz Bartel;Poland;;;
Dibyendu Barua;India;;;
Cerdas Barus;Indonesia;;;
Michael Basman;England;;;
Christian Bauer;France;;;
Johann Hermann Bauer;Bohemia;Austria;;
Friedrich Baumbach;Germany;;;
Albert Becker;Austria;Germany;Argentina;
Anjelina Belakovskaia;Ukraine;USA;;
Liudmila Belavenets;Russia;;;
Sergey Belavenets;Russia;;;
Alexander Beliavsky;Ukraine;Slovenia;;
Slim Belkhodja;Tunisia;;;
Jana Bellin;Czechoslovakia;England;;
Zdzisław Belsitzmann;Poland;circa;;
Levi Benima;Netherlands;;;
Clarice Benini;Italy;;;
Joel Benjamin;USA;;;
Francisco Benkö;Germany;Argentina;;
Pal Benko;France;Hungary;USA;
David Berczes;Hungary;;;
Emanuel Berg;Sweden;;;
Bela Berger;Hungary;Australia;;
Johann Berger;Austria;;;
Victor Berger;Ukraine;England;;
Nils Bergkvist;Sweden;;;
Teodors Bergs;Latvia;;;
Hans Berliner;Germany;USA;;
Ivar Bern;Norway;;;
Karl Berndtsson;Sweden;;;
Jacob Bernstein;USA;;;
Ossip Bernstein;Ukraine;France;;
Sidney Norman Bernstein;USA;;;
Yaacov Bernstein;Israel;;;
Mario Bertok;Croatia;;;
Katarina Beskow;Sweden;;;
Louis Betbeder Matibet;France;;;
Karlis Betinš;Latvia;;;
Siegmund Beutum;Austria;;;
Vinay Bhat;USA;;;
Carlos Bielicki;Argentina;;;
Martin Bier;Germany;;;
Horace Bigelow;USA;;;
István Bilek;Hungary;;;
Paul Rudolf von Bilguer;Germany;;;
Maurice Billecard;France;;;
Reefat BinSattar;Bangladesh;;;
Henry Bird;England;;;
Nathan Birnboim;Israel;;;
Klaus Bischoff;Germany;;;
Arthur Bisguier;USA;;;
Peter Biyiasas;Greece;Canada;;
Dimitrije Bjelica;Serbia;;;
Roy Turnbull Black;USA;;;
Joseph Henry Blackburne;England;;;
Armand Blackmar;USA;;;
Joseph Henry Blake;England;;;
Abram Blass;Poland;Israel;;
Ottó Bláthy;Hungary;;;
Max Blau;Germany;Switzerland;;
Ludwig Bledow;Germany;;;
Paweł Blehm;Poland;;;
Dirk Bleijkmans;Netherlands;Indonesia;;
Yaacov Bleiman;Lithuania;Israel;;
Claude Bloodgood;USA;;;
Oscar Blum;Lithuania;France;;
Benjamin Blumenfeld;Belarus;Russia;;
Max Blümich;Germany;;;
Boris Blumin;Russia;Canada;USA;
Milko Bobotsov;Bulgaria;;;
Dmitry Bocharov;Russia;;;
Samuel Boden;England;;;
Fedor Bogatyrchuk;Ukraine;Canada;;
Efim Bogoljubov;Ukraine;Germany;;
Paolo Boi;Italy;;;
Jácobo Bolbochán;Argentina;;;
Julio Bolbochán;Argentina;;;
Isaac Boleslavsky;Ukraine;;;
Victor Bologan;Moldova;;;
Igor Bondarevsky;Russia;;;
Eero Böök;Finland;;;
Tea BosboomLanchava;Netherlands;Georgia;;
Johannes van den Bosch;Netherlands;;;
George Botterill;England;Wales;;
Mikhail Botvinnik;Russia;;;
LouisCharles Mahé de La Bourdonnais;France;;;
César Boutteville;Vietnam;France;;
Olena Boytsun;Ukraine;;;
Julius Brach;Czechoslovakia;;;
Gyula Breyer;Hungary;;;
Alfred Brinckmann;Germany;;;
Mirko Bröder;Hungary;Serbia;;
Miklós Bródy;Hungary;Romania;;
Vladimir Bron;Ukraine;;;
David Bronstein;Ukraine;;;
Walter Browne;Australia;USA;;
Agnieszka Brustman;Poland;;;
Lázaro Bruzón;Cuba;;;
Stellan Brynell;Sweden;;;
Bu Xiangzhi;China;;;
Henry Thomas Buckle;England;;;
Gerardo Budowski;Germany;France;Venezuela;Costa Rica
Wincenty Budzyński;Poland;France;;
Constant Ferdinand Burille;France;USA;;
Amos Burn;England;;;
Algimantas Butnorius;Lithuania;;;
Elisabeth Bykova;Russia;;;
Donald Byrne;USA;;;
Robert Byrne;USA;;;
Elisabeth Bykova;Russia;;;
Florencio Campomanes;Philippines;;;
Daniel Hugo Cámpora;Argentina;;;
Esteban Canal;Peru;Italy;;
Arianne Caoili;Australia;;;
José Raúl Capablanca;Cuba;;;
Rodolfo Tan Cardoso;Philippines;;;
Ruth Volgl Cardoso;Brazil;;;
Carl Carls;Germany;;;
Magnus Carlsen;Norway;;;
Pontus Carlsson;Sweden;;;
Horatio Caro;England;Germany;;
Berna Carrasco;Chile;;;
Pietro Carrera;Sicily;;;
Fabiano Caruana;Dual citizenship: USA and Italy;;;
Vincenzo Castaldi;Italy;;;
Mariano Castillo;Chile;;;
Mišo Cebalo;Croatia;;;
Giovanni Cenni;Italy;;;
Alfonso Ceron;Spain;;;
Oscar Chajes;Ukraine;Austria;USA;
Ferenc Chalupetzky;Hungary;;;
Edward Chamier;England;France;;
Chan Peng Kong;Singapore;;;
Sandipan Chanda;India;;;
Chang Tung Lo;China;;;
Murray Chandler;New Zealand;England;;
Pascal Charbonneau;Canada;;;
Rudolf Charousek;Hungary;;;
Chantal Chaudé de Silans;France;;;
Valery Chekhov;Russia;;;
Vitaly Chekhover;Russia;;;
Chen De;China;;;
Ivan Cheparinov;Bulgaria;;;
Alexander Cherepkov;Russia;;;
Irving Chernev;Russia;USA;;
Alexander Chernin;Ukraine;Hungary;;
Konstantin Chernyshov;Russia;;;
André Chéron;France;;;
Maia Chiburdanidze;Georgia;;;
Mikhail Chigorin;Russia;;;
Larry Christiansen;USA;;;
Vladimir Chuchelov;Russia;Belgium;;
Slavko Cicak;Montenegro;Sweden;;
Roberto Cifuentes;Chile;Netherlands;Spain;
Victor Ciocâltea;Romania;;;
Hermann Clemenz;Estonia;;;
Albert Clerc;France;;;
Viktorija Čmilytė;Lithuania;;;
John Cochrane;England;;;
Erich Cohn;Germany;;;
Wilhelm Cohn;Germany;;;
Edgard Colle;Belgium;;;
John W. Collins;USA;;;
Eugene Ernest Colman;England;;;
Adrián García Conde;Mexico;England;;
Stuart Conquest;England;;;
Anya Corke;England;Hong Kong;;
Nicolaas Cortlever;Netherlands;;;
Juan Corzo;Cuba;;;
Carlo Cozio;Italy;;;
Spencer Crakanthorp;Australia;;;
Pia Cramling;Sweden;;;
Robert Crépeaux;France;;;
Walter Cruz;Brazil;;;
István Csom;Hungary;;;
Miguel Cuéllar;Colombia;;;
Josef Cukierman;Poland;France;;
John Curdo;USA;;;
Ognjen Cvitan;Croatia;;;
Hieronim Czarnowski;Poland;France;Austria;Hungary
Moshe Czerniak;Poland;Israel;;
Arthur Dake;USA;;;
Pedro Damiano;Portugal;;;
Mato Damjanović;Croatia;;;
Gösta Danielsson;Sweden;;;
Silvio Danailov;Bulgaria;;;
A. Polak Daniels;Netherlands;;;
Dawid Daniuszewski;Poland;;;
Klaus Darga;Germany;;;
Alberto David;Luxembourg;;;
Jacques Davidson;Netherlands;;;
Nigel Davies;England;;;
Boris De Greiff;Colombia;;;
Frederic Deacon;Belgium;;;
Chakkravarthy Deepan;India;;;
Nick de Firmian;USA;;;
Marigje Degrande;Belgium;;;
Aleksander Delchev;Bulgaria;;;
Eugene Delmar;USA;;;
Yelena Dembo;Russia;Israel;Hungary;Greece
Arnold Denker;USA;;;
Alexandre Deschapelles;France;;;
Andrei Deviatkin;Russia;;;
Paul Devos;Belgium;;;
André Diamant;Brazil;;;
Emil Josef Diemer;Germany;;;
Mark Diesen;USA;;;
Julius Dimer;Germany;;;
Nathan Divinsky;Canada;;;
Rune Djurhuus;Norway;;;
Maxim Dlugy;Russia;USA;;
Josef Dobiáš;Bohemia;Czechoslovakia;;
Yosef Dobkin;Russia;Israel;;
Yury Dokhoian;Russia;;;
Sergey Dolmatov;Russia;;;
Lenier Dominguez;Cuba;;;
Józef Dominik;Poland;;;
Zadok Domnitz;Israel;;;
Elena Donaldson;Russia;Georgia;USA;
John W. Donaldson;USA;;;
Ivo Donev;Austria;;;
Jan Hein Donner;Netherlands;;;
Iossif Dorfman;Ukraine;France;;
Alexey Dreev;Russia;;;
Leonids Dreibergs;Latvia;USA;;
Kurt Dreyer;Germany;South Africa;;
Tihomil Drezga;Croatia;USA;;
Yuri Drozdovskij;Ukraine;;;
Leroy Dubeck;USA;;;
Serafino Dubois;Italy;;;
Daniil Dubov;Russia;;;
Andreas Dückstein;Hungary;Austria;;
Jean Dufresne;Germany;;;
Andreas Duhm;Germany;Switzerland;;
Dietrich Duhm;Germany;Switzerland;;
Hans Duhm;Germany;Switzerland;;
Arthur Dunkelblum;Poland;Belgium;;
Oldřich Duras;Bohemia;Czechoslovakia;;
Fyodor DuzKhotimirsky;Ukraine;;;
Mark Dvoretsky;Russia;;;
Joanna Dworakowska;Poland;;;
Eduard Dyckhoff;Germany;;;
Viacheslav Dydyshko;Belarus;;;
Boruch Israel Dyner;Poland;Belgium;Israel;
Semen Dvoirys;Russia;;;
Nana Dzagnidze;Georgia;;;
Roman Dzindzichashvili;Georgia;Israel;USA;
Marat Dzhumaev;Uzbekistan;;;
James Eade;USA;;;
Zahar Efimenko;Ukraine;;;
Marsel Efroimski;Israel;;;
Jaan Ehlvest;Estonia;;;
Rakhil Eidelson;Belarus;;;
Vereslav Eingorn;Ukraine;;;
Louis Eisenberg;Ukraine;USA;;
Bengt Ekenberg;Sweden;;;
Folke Ekström;Sweden;;;
Erich Eliskases;Austria;Germany;Argentina;
Pavel Eljanov;Ukraine;;;
Moissei Eljaschoff;Lithuania;;;
John Emms;England;;;
Lucijs Endzelins;Estonia;Latvia;Australia;
Jens Enevoldsen;Denmark;;;
Ludwig Engels;Germany;Brazil;;
Berthold Englisch;Austria;;;
David Enoch;Israel;;;
Vladimir Epishin;Russia;;;
Stefan Erdélyi;Hungary;Romania;;
Hanna Ereńska;Poland;;;
Evgenij Ermenkov;Bulgaria;Palestine;;
Wilhelm Ernst;Germany;;;
John Angus Erskine;New Zealand;Australia;;
Yakov Estrin;Russia;;;
Max Euwe;Netherlands;;;
Larry Evans;USA;;;
William Davies Evans;Wales;;;
Alexander Evensohn;Ukraine;;;
Győző Exner;Hungary;;;
Samuel Factor;Poland;USA;;
Louisa Matilda Fagan;Italy;England;;
Hugo Fähndrich;Hungary;Austria;;
Hans Fahrni;Bohemia;Switzerland;;
William Fairhurst;England;Scotland;New Zealand;
Sammi Fajarowicz;Germany;;;
Raphael Falk;Russia;;;
Ernst Falkbeer;Austria;Hungary;;
Stefan Fazekas;Hungary;Czechoslovakia;England;
Sergey Fedorchuk;Ukraine;;;
Alexei Fedorov;Belarus;;;
John Fedorowicz;USA;;;
Vladimir Fedoseev;Russia;;;
Movsas Feigins;Latvia;Argentina;;
Rafał Feinmesser;Poland;;;
Florin Felecan;Romania;USA;;
Virgilio Fenoglio;Argentina;;;
Arthur Feuerstein;USA;;;
Alexandr Fier;Brazil;;;
Martha Fierro;Ecuador;;;
Miroslav Filip;Czech Republic;;;
Anton Filippov;Uzbekistan;;;
Reuben Fine;USA;;;
Ben Finegold;USA;;;
Julius Finn;Poland;USA;;
Nick de Firmian;USA;;;
Robert James Fischer;USA;Iceland;;
Alex Fishbein;USA;;;
Alexander Flamberg;Poland;;;
Alfred Flatow;Germany;Australia;;
Glenn Flear;England;;;
Ernst Flechsig;Germany;;;
Bernhard Fleissig;Hungary;Austria;;
Max Fleissig;Hungary;Austria;;
János Flesch;Hungary;;;
Salo Flohr;Ukraine;Czechoslovakia;Russia;
Rodrigo Flores;Chile;;;
Alberto Foguelman;Argentina;;;
Jan Foltys;Czechoslovakia;;;
George Salto Fontein;Netherlands;;;
Arnold van Foreest;Netherlands;;;
Dirk van Foreest;Netherlands;;;
Leó Forgács;Hungary;;;
Győző Forintos;Hungary;;;
Albert Fox;USA;;;
Maurice Fox;Ukraine;Canada;;
Selim Franklin;England;USA;;
Zenon Franco;Paraguay;;;
Michael Freeman;England;New Zealand;;
Laurent Fressinet;France;;;
Sergey von Freymann;Russia;Uzbekistan;;
Joel Fridlizius;Sweden;;;
Daniel Fridman;Latvia;Germany;;
Frederic Friedel;Germany;;;
Gunnar Friedemann;Estonia;;;
David Friedgood;South Africa;England;;
Henryk Friedman;Poland;;;
Alexander Fritz;Germany;;;
Martin Severin From;Denmark;;;
Achilles Frydman;Poland;;;
Paulino Frydman;Poland;Argentina;;
Ľubomír Ftáčnik;Czechoslovakia;Slovakia;;
Andrija Fuderer;Vojvodina;Belgium;;
Semyon Furman;Russia;;;
Ivana Maria Furtado;India;;;
Géza Füster;Hungary;Canada;;
Roy Fyllingen;Norway;;;
Merab Gagunashvili;Georgia;;;
Aleksandr Galkin;Russia;;;
Joseph Gallagher;England;Switzerland;;
Alisa Galliamova;Russia;;;
Surya Shekhar Ganguly;India;;;
Nona Gaprindashvili;Georgia;;;
Valeriane Gaprindashvili;Georgia;;;
Carlos Garcia Palermo;Argentina;Italy;;
Raimundo Garcia;Argentina;;;
Timur Gareev;Uzbekistan;;;
Eldar Gasanov;Ukraine;;;
Vugar Gashimov;Azerbaijan;;;
Anna Gasik;Poland;;;
Einar Gausel;Norway;;;
Viktor Gavrikov;Lithuania;Switzerland;;
Tamaz Gelashvili;Georgia;;;
Boris Gelfand;Belarus;Israel;;
Efim Geller;Ukraine;;;
Uzi Geller;Israel;;;
Petar Genov;Bulgaria;;;
Kiril Georgiev;Bulgaria;;;
Krum Georgiev;Bulgaria;;;
Ernő Gereben;Hungary;Switzerland;;
Regina Gerlecka;Poland;;;
Eugenio German;Brazil;;;
Theodor Germann;Latvia;;;
Alik Gershon;Israel;;;
Edward Gerstenfeld;Poland;Ukraine;;
Georgy Geshev;Bulgaria;;;
Ehsan Ghaem Maghami;Iran;;;
Tigran Gharamian;France;;;
Ameet Ghasi;England;;;
Florin Gheorghiu;Romania;;;
Amédée Gibaud;France;;;
Johannes Giersing;Denmark;;;
Ellen Gilbert;USA;;;
Jessie Gilbert;England;;;
Karl Gilg;Czechoslovakia;Germany;;
Aivars Gipslis;Latvia;;;
Anish Giri;Holland;;;
Matteo Gladig;Italy;;;
Eduard Glass;Austria ;;;
Evgeny Gleizerov;Russia;;;
Igor Glek;Russia;Germany;;
Svetozar Gligorić;Serbia;;;
Fernand Gobet;Switzerland;;;
Michele Godena;Italy;;;
Carl Goering;Germany;;;
Alphonse Goetz;France;;;
Leonid Gofshtein;Israel;;;
Jason Goh KoonJong;Singapore;;;
Goh Weiming;Singapore;;;
Samuel Gold;Hungary;Austria;USA;
Alexander Goldin;Russia;;;
Rusudan Goletiani;Georgia;USA;;
Celso Golmayo Torriente;Cuba;Spain;;
Celso Golmayo Zúpide;Spain;Cuba;;
Manuel Golmayo Torriente;Cuba;Spain;;
Vitali Golod;Ukraine;Israel;;
Harry Golombek;England;;;
Alexander Goloshchapov;Ukraine;;;
Alexander Ferdinand von der Goltz;Germany;;;
Valentina Golubenko;Estonia;Croatia;;
Mikhail Golubev;Ukraine;;;
Aleksei Goncharov;Russia;;;
Gong Qianyun;China;;;
Jayson Gonzales;Philippines;;;
José González García;Mexico;;;
Juan Carlos González Zamora;Mexico;;;
David S. Goodman;England;USA;;
Stephen J. Gordon;England;;;
Danny Gormally;England;;;
George H. D. Gossip;USA;England;;
Solomon Gotthilf;Russia;;;
Hermann von Gottschall;Germany;;;
Boris Grachev;Russia;;;
Alexander Graf;Uzbekistan;Germany;;
Sonja Graf;Germany;Argentina;USA;
Julio Granda Zuniga;Peru;;;
Roberto Grau;Argentina;;;
Gioachino Greco;Italy;;;
Ewen McGowen Green;New Zealand;;;
Alon Greenfeld;USA;Israel;;
John Grefe;USA;;;
Bernhard Gregory;Estonia;Germany;;
Gisela Kahn Gresser;USA;;;
Helgi Gretarsson;Iceland;;;
Richard Griffith;England;;;
Nikolay Grigoriev;Russia;;;
Avetik Grigoryan;Armenia;;;
Vincent Grimm;Austria;Hungary;;
Alexander Grischuk;Russia;;;
Efstratios Grivas;Greece;;;
Henri Grob;Switzerland;;;
Aristide Gromer;France;;;
Adriaan de Groot;Netherlands;;;
Ernst Grünfeld;Austria;;;
Yehuda Gruenfeld;Poland;Israel;;
James Grundy;England;USA;;
Izaak Grynfeld;Poland;Israel;;
Gu Xiaobing;China;;;
Ion Gudju;Romania;;;
Eduard Gufeld;Ukraine;USA;;
Ilse Guggenberger;Colombia;;;
Carlos Guimard;Argentina;;;
Boris Gulko;Russia;USA;;
Gunnar Gundersen;France;Norway;Australia;
Isidor Gunsberg;Hungary;England;;
Abhijeet Gupta;India;;;
Dmitry Gurevich;Russia;USA;;
Ilya Gurevich;Ukraine;USA;;
Mikhail Gurevich;Ukraine;Belgium;Turkey;
Bukhuti Gurgenidze;Georgia;;;
Jan Gustafsson;Germany;;;
Emanuel Guthi;Israel;;;
Lev Gutman;Latvia;Israel;Germany;
Fritz Gygli;Switzerland;;;
Alfred William Gyles;New Zealand;;;
Anna Hahn;Latvia;USA;;
Vitaly Halberstadt;Ukraine;France;;
Alexander Halprin;Russia;Austria;;
Tunc Hamarat;Turkey;Austria;;
Hichem Hamdouchi;Morocco;;;
Rani Hamid;Bangladesh;;;
Jon Ludvig Hammer;Norway;;;
Carl Hamppe;Switzerland;Austria;;
Milton Hanauer;USA;;;
James Hanham;USA;;;
Hermann von Hanneken;Germany;;;
Curt Hansen;Denmark;;;
Wilhelm Hanstein;Germany;;;
Khosro Harandi;Iran;;;
Dronavalli Harika;India;;;
Pendyala Harikrishna;India;;;
Max Harmonist;Germany;;;
Daniel Harrwitz;Germany;France;;
William Hartston;England;;;
Wolfgang Hasenfuss;Latvia;;;
Stewart Haslinger;England;;;
Arnaud Hauchard;France;;;
Cécile Haussernot;France;;;
Kornél Havasi;Hungary;;;
Mark Hebden;England;;;
Jean Hebert;Canada;;;
HansJoachim Hecht;Germany;;;
Jonny Hector;Sweden;;;
Fenny Heemskerk;Netherlands;;;
Wolfgang Heidenfeld;Germany;South Africa;Ireland;
Jakub Heilpern;Poland;;;
Herbert Heinicke;Brazil;Germany;;
Arved Heinrichsen;Lithuania;;;
Dan Heisman;USA;;;
Grigory Helbach;Russia;;;
Karl Helling;Germany;;;
Johan Hellsten;Sweden;;;
Hermann Helms;USA;;;
Ron Henley;USA;;;
Moriz Henneberger;Switzerland;;;
Walter Henneberger;Switzerland;;;
Deen Hergott;Canada;;;
Sigmund Herland;Romania;;;
Róża Herman;Poland;;;
Gilberto Hernández Guerrero;Mexico;;;
Tiger Hillarp Persson;Sweden;;;
Wilhelm Hilse;Germany;;;
Moshe Hirschbein;Poland;;;
Moses Hirschel;Germany;;;
Philipp Hirschfeld;Germany;;;
Jóhann Hjartarson;Iceland;;;
Hoang Thanh Trang;Vietnam;Hungary;;
Albert Hodges;USA;;;
Julian Hodgson;England;;;
Arnold van den Hoek;Netherlands;;;
Leopold Hoffer;Hungary;France;England;
Karl Holländer;Germany ;;;
Edith Holloway;England;;;
Krystyna HołujRadzikowska;Poland;;;
Walther von Holzhausen;Austria;Germany;;
Baldur Hönlinger;Austria;Germany;;
Bill Hook;USA;British Virgin Islands;;
Vlastimil Hort;Czechoslovakia;Germany;;
Israel Horowitz;USA;;;
Bernhard Horwitz;Germany;England;;
Henry Hosmer;USA;;;
Enamul Hossain;Bangladesh;;;
Hou Yifan;China;;;
Jovanka Houska;England;;;
Clarence Howell;USA;;;
David Howell;England;;;
Zbyněk Hráček;Czech Republic;;;
Karel Hromádka;Bohemia;Czechoslovakia;;
Vincenz Hruby;Bohemia;Austria;Italy;
Hsu Li Yang;Singapore;;;
Huang Qian;China;;;
Robert Hübner;Germany;;;
Werner Hug;Switzerland;;;
Krunoslav Hulak;Croatia;;;
Koneru Humpy;India;;;
Harriet Hunt;England;;;
Alexander Huzman;Ukraine;Israel;;
Ildar Ibragimov;Russia;USA;;
Bella Igla;Russia;Israel;;
Juan Iliesco;Romania;Argentina;;
Rolando Illa;USA;Cuba;Argentina;
Miguel Illescas Córdoba;Spain;;;
Alexander IlyinZhenevsky;Russia;;;
Ernesto Inarkiev;Kyrgyzstan;Russia;;
Viorel Iordachescu;Moldova;;;
Nana Ioseliani;Georgia;;;
Andrei Istrăţescu;Romania;;;
Saidali Iuldachev;Uzbekistan;;;
Vassily Ivanchuk;Ukraine;;;
Ivan Ivanišević;Serbia;;;
Alexander Ivanov;USA;;;
Igor Ivanov;Russia;Canada;USA;
Božidar Ivanović;Montenegro;;;
Borislav Ivkov;Serbia;;;
Stefan Izbinsky;Ukraine;;;
Zviad Izoria;Georgia;;;
Jana Jacková;Czech Republic;;;
Egil Jacobsen;Denmark;;;
Ernst Jacobson;Sweden;;;
Carl Jaenisch;Finland;Russia;;
Charles Jaffe;Russia;USA;;
Jerzy Jagielski;Poland;Germany;;
Dmitry Jakovenko;Russia;;;
Lora Jakovleva;Russia;;;
Dragoljub Janošević;Serbia;;;
Chaim Janowski;Poland;Germany;Japan;
Dawid Janowski;Poland;France;;
Vlastimil Jansa;Czech Republic;;;
Nicolai Jasnogrodsky;Ukraine;England;USA;
Carlos Jauregui;Chile;Canada;;
Florian Jenni;Switzerland;;;
Eleazar Jiménez;Cuba;;;
Baadur Jobava;Georgia;;;
Leif Erlend Johannessen;Norway;;;
Svein Johannessen;Norway;;;
Darryl Johansen;Australia;;;
Walter John;Poland;Germany;;
Hans Johner;Switzerland;;;
Paul Johner;Switzerland;;;
Gawain Jones;England;;;
Iolo Jones;Wales;;;
Paul Journoud;France;;;
Ju Wenjun;China;;;
Max Judd;Poland;USA;;
Klaus Junge;Chile;Germany;;
Otto Junge;Chile;Germany;;
Miervaldis Jursevskis;Latvia;Canada;;
Beata Kądziołka;Poland;;;
Bernhard Kagan;Poland;Germany;;
Shimon Kagan;Israel;;;
Victor Kahn;Russia;France;;
Gregory Kaidanov;Ukraine;Russia;USA;
Osmo Kaila;Finland;;;
Charles Kalme;Latvia;Germany;USA;
Gata Kamsky;Russia;USA;;
Ilya Kan;Russia;;;
Albert Kapengut;Belarus;;;
Julio Kaplan;Argentina;Puerto Rico;USA;
Darja Kapš;Slovenia;;;
Mona May Karff;Moldova;Russia;Palestine;USA
Sergey Karjakin;Ukraine;;;
Anastasiya Karlovich;Ukraine;;;
Anatoly Karpov;Russia;;;
Isaac Kashdan;USA;;;
Rustam Kasimdzhanov;Uzbekistan;;;
Garry Kasparov;Azerbaijan;Russia;;
Genrikh Kasparyan;Armenia;;;
Miroslav Katětov;Czechoslovakia;;;
Arthur Kaufmann;Romania;Austria;;
Lubomir Kavalek;Czechoslovakia;USA;;
Raymond Keene;England;;;
Hermann Keidanski;Poland;Germany;;
Dieter Keller;Switzerland;;;
Edith KellerHerrmann;Germany;;;
Rudolf Keller;Germany;;;
Brian Kelly;Ireland;;;
Emil Kemény;Hungary;USA;;
Edvīns Ķeņģis;Latvia;;;
Hugh Alexander Kennedy;Ireland;England;;
Paul Keres;Estonia;;;
Alexander Kevitz;USA;;;
Rohini Khadilkar;India;;;
Alexander Khalifman;Russia;;;
Mir Sultan Khan;India;Pakistan;;
Andrei Kharlov;Russia;;;
Murtas Kazhgaleyev;Kazakhstan;;;
Abram Khavin;Ukraine;;;
Igor Khenkin;Russia;Germany;;
Denis Khismatullin;Russia;;;
Ratmir Kholmov;Russia;Belarus;Lithuania;
Natalia Khoudgarian;Russia;Canada;;
Nino Khurtsidze;Georgia;;;
Feliks Kibbermann;Estonia;;;
Georg Kieninger;Germany;;;
Lionel Kieseritzky;Estonia;France;;
R.K. Kieseritzky;Estonia;Russia;e;
Daniel King;England;;;
Olof Kinnmark;Sweden;;;
Ove Kinnmark;Sweden;;;
Georg Klaus;Germany;;;
Jan Kleczyński;Poland;;;
Jan Kleczyński;Poland;;;
Ernst Klein;Austria;England;;
Paul Klein;Germany;Ecuador;;
Jānis Klovāns;Latvia;;;
Gyula Kluger;Hungary;;;
Hans Kmoch;Austria;Netherlands;USA;
Rainer Knaak;Germany;;;
Viktor Knorre;Russia;;;
Mikhail Kobalia;Russia;;;
Alexander Koblencs;Latvia;;;
Berthold Koch;Germany;;;
Alexander Kochyev;Russia;;;
Artur Kogan;Ukraine;Israel;;
Boris Kogan;Russia;USA;;
Anton Kohler;Germany;;;
Stanisław Kohn;Poland;;;
Friedrich Köhnlein;Germany;;;
Dmitry Kokarev;Russia;;;
Atanas Kolev;Bulgaria;;;
Henrijeta KonarkowskaSokolov;Poland;Serbia;;
Alexander Konstantinopolsky;Ukraine;;;
Ignác Kolisch;Slovakia;Austria;Hungary;
Jakub Kolski;Poland;;;
Akshayraj Kore;India;;;
Georges Koltanowski;Belgium;USA;;
Koneru Humpy;India;;;
Imre König;Hungary;Yugoslavia;England;USA
Jerzy Konikowski;Poland;Germany;;
Danny Kopec;USA;;;
Viktor Korchnoi;Russia;Switzerland;;
Anton Korobov;Ukraine;;;
Imre Korody;Hungary;;;
Alexey Korotylev;Russia;;;
Yona Kosashvili;Georgia;Israel;;
Gary Koshnitsky;Moldova;Australia;;
Nadezhda Kosintseva;Russia;;;
Tatiana Kosintseva;Russia;;;
Alexandra Kosteniuk;Russia;;;
Boris Kostić;Austria;Hungary;Yugoslavia;
Jan Kotrč;Czechoslovakia;;;
Vasilios Kotronias;Greece;;;
Pavel Kotsur;Kazakhstan;;;
Alexander Kotov;Russia;;;
Čeněk Kottnauer;Czechoslovakia;England;;
Bachar Kouatly;Syria;Liban;France;
Vlatko Kovačević;Croatia;;;
Alexander Kovchan;Ukraine;;;
Boris Koyalovich;Russia;;;
Valentina Kozlovskaya;Russia;;;
Zdenko Kozul;Croatia;;;
Jesse Kraai;USA;;;
Yair Kraidman;Israel;;;
Adolf Kraemer;Germany;;;
Adolf Kramer;Germany;;;
Haije Kramer;Netherlands;;;
Vladimir Kramnik;Russia;;;
Michał Krasenkow;Russia;Poland;;
Orla Hermann Krause;Denmark;;;
Martyn Kravtsiv;Ukraine;;;
Boris Kreiman;Russia;USA;;
Josef Krejcik;Austria;;;
Leon Kremer;Poland;;;
Martin Kreuzer;Germany;;;
Ljuba Kristol;Russia;Israel;;
Stanislav Kriventsov;Russia;USA;;
Nikolai Krogius;Russia;;;
Paul Krüger;Germany;;;
Irina Krush;Ukraine;USA;;
Yuriy Kryvoruchko;Ukraine;;;
Arvid Kubbel;Russia;;;
Leonid Kubbel;Russia;;;
Sergey Kudrin;Russia;USA;;
Adam Kuligowski;Poland;;;
Kaido Külaots;Estonia;;;
Abhijit Kunte;India;;;
Abraham Kupchik;Belarus;USA;;
Viktor Kupreichik;Belarus;;;
Bojan Kurajica;Bosnia and Herzegovina;;;
Igor Kurnosov;Russia;;;
Alla Kushnir;Russia;Israel;;
Gennady Kuzmin;Russia;;;
Yuriy Kuzubov;Ukraine;;;
Jan Kvicala;Czechoslovakia;;;
Kateryna Lahno;Ukraine;;;
Bogdan Lalić;Yugoslavia/Croatia;England;;
Erwin l'Ami;Netherlands;;;
Frank Lamprecht;Germany;;;
Konstantin Landa;Russia;;;
Salo Landau;Poland;Netherlands;;
Gary Lane;England;Australia;;
Lisa Lane;USA;;;
Max Lange;Germany;;;
Salomon Langleben;Poland;;;
Bent Larsen;Denmark;;;
Ernst Larsson;Sweden;;;
Baron Tassilo von Heydebrand und der Lasa;Prussia/Germany;;;
Berthold Lasker;Germany;;;
Edward Lasker;Poland;Germany;USA;
Emanuel Lasker;Germany;Russia;USA;
Milda Lauberte;Latvia;;;
Leho Laurine;Estonia;Sweden;;
Joël Lautier;Canada;France;;
Darwin Laylo;Philippines;;;
Frédéric Lazard;France;;;
Gustave Lazard;France;;;
Milunka Lazarević;Serbia;;;
Viktor Laznicka;Czech Republic;;;
Le Quang Liem;Vietnam;;;
Sergey Lebedev;Russia;;;
Peter Lee;England;;;
Peter Leepin;Switzerland;;;
Legall de Kermeur;France;;;
Anatoly Lein;Russia;USA;;
Péter Lékó;Hungary;;;
Norman van Lennep;Netherlands;;;
Giovanni Leonardo;Italy;;;
Paul Saladin Leonhardt;Poland;Germany;;
Alex Lenderman;USA;;;
James A. Leonard;USA;;;
Konstantin Lerner;Ukraine;;;
Alexandre Lesiege;Canada;;;
Norman Lessing;USA;;;
René Letelier;Chile;;;
Grigory Levenfish;Poland;Russia;;
Alexander Levin;Russia;;;
Jacob Levin;USA;;;
Naum Levin;Ukraine;Australia;;
Irina Levitina;Russia;USA;;
Stepan Levitsky;Russia;;;
David Levy;Scotland;;;
Jerzy Lewi;Poland;Sweden;;
Moritz Lewitt;Germany;;;
Li Chao;China;;;
Li Ruofan;Singapore;;;
Li Shilong;China;;;
Li Shongjian;China;;;
Li Wenliang;China;;;
Li Zunian;China;;;
Liang Chong;China;;;
Liang Jinrong;China;;;
Vladimir Liberzon;Russia;Israel;;
Theodor Lichtenhein;Germany;USA;;
Espen Lie;Norway;;;
Kjetil Aleksander Lie;Norway;;;
Andor Lilienthal;Hungary;Russia;;
Darcy Lima;Brazil;;;
Lin Ta;China;;;
Lin Weiguo;China;;;
Paul Lipke;Germany;;;
Isaac Lipnitsky;Ukraine;;;
Samuel Lipschütz;Hungary;USA;;
Georgy Lisitsin;Russia;;;
Paul List;Ukraine;Germany;England;
Marta LitinskayaShul;Ukraine;;;
John Littlewood;England;;;
Liu Shilan;China;;;
Liu Wenzhe;China;;;
Ljubomir Ljubojević;Serbia;;;
Eric Lobron;USA;Germany;;
Josef Lokvenc;Austria;;;
Giambattista Lolli;Italy;;;
Rudolf Loman;Netherlands;;;
William Lombardy;USA;;;
Ruy López de Segura;Spain;;;
Edward Löwe;England;;;
Otto Löwenborg;Sweden;;;
Johann Löwenthal;Hungary;England;;
Leopold Löwy;Jr;Austria;;
Leopold Löwy;Sr;Austria;;
Moishe Lowtzky;Ukraine;Poland;;
Sam Loyd;USA;;;
Smbat Lputian;Armenia;;;
Luis Ramirez Lucena;Spain;;;
Markas Luckis;Lithuania;Argentina;;
Andrey Lukin;Russia;;;
Stig Lundholm;Sweden;;;
Erik Lundin;Sweden;;;
Francisco Lupi;Portugal;;;
Constantin Lupulescu;Romania;;;
Thomas Luther;Germany;;;
Christopher Lutz;Germany;;;
Gottlieb Machate;Germany;;;
Aleksandras Machtas;Lithuania;Israel;;
Bartłomiej Macieja;Poland;;;
George Henry Mackenzie;Scotland;USA;;
Nicholas MacLeod;Canada;;;
Carlos Maderna;Argentina;;;
Ildikó Mádl;Hungary;;;
Elmar Magerramov;Azerbaijan;;;
Joanna Majdan;Poland;;;
Kazimierz Makarczyk;Poland;;;
Vladimir Makogonov;Azerbaijan;;;
Gyula Makovetz;Hungary;;;
Vadim Malakhatko;Ukraine;Belgium;;
Vladimir Malakhov;Russia;;;
Vidmantas Mališauskas;Lithuania;;;
Vladimir Malaniuk;Russia;Ukraine;;
Boris Maliutin;Russia;;;
Nidjat Mamedov;Azerbaijan;;;
Shakhriyar Mamedyarov;Azerbaijan;;;
Rauf Mammadov;Azerbaijan;;;
Maria Manakova;Serbia;;;
Karmen Mar;Slovenia;;;
Napoleon Marache;France;USA;;
Max Marchand;Netherlands;;;
Georg Marco;Romania;Austria;;
Alisa Marić;Serbia;;;
Mirjana Marić;Serbia;;;
Mihail Marin;Romania;;;
Beatriz Marinello;Chile;;;
Sergio Mariotti;Italy;;;
Ján Markoš;Slovakia;;;
Tomasz Markowski;Poland;;;
Robert Markuš;Serbia;;;
Géza Maróczy;Hungary;;;
Davide Marotti;Italy;;;
Dražen Marović;Croatia;;;
Frank Marshall;USA;;;
Dion Martinez;Cuba;USA;;
Giovanni Martinolich;Italy;;;
Rico Mascarinas;Philippines;;;
Houshang Mashian;Iran;Israel;;
James Mason;Ireland;USA;England;
Dimitrios Mastrovasilis;Greece;;;
Aleksandar Matanović;Serbia;;;
Hermanis Matisons;Latvia;;;
Milan Matulović;Serbia;;;
Svetlana Matveeva;Russia;;;
Carl Mayet;Germany;;;
Isaak Mazel;Belarus;Russia;;
Neil McDonald;England;;;
Alexander McDonnell;Ireland;;;
Colin McNab;Scotland;;;
Luke McShane;England;;;
Henrique Mecking;Brazil;;;
Antonio Medina;Spain;;;
Edmar Mednis;Latvia;USA;;
Susanto Megaranto;Indonesia;;;
Philipp Meitner;Austria;;;
Olga Menchik;Russia;Czechoslovakia;England;
Vera Menchik;Russia;Czechoslovakia;England;
Julius Mendheim;Germany;;;
Jonathan Mestel;England;;;
Johannes Metger;Germany;;;
Voldemars Mežgailis;Latvia;;;
Paul Michel;Germany;Argentina;;
Walter Michel;Switzerland;;;
Reginald Price Michell;England;;;
Jacques Mieses;Germany;England;;
Samuel Mieses;Germany;;;
Vladas Mikėnas;Estonia;Lithuania;;
Adrian Mikhalchishin;Ukraine;Slovenia;;
Victor Mikhalevski;Belarus;Israel;;
Igor Miladinović;Serbia;;;
Tony Miles;England;;;
Zdravko Milev;Bulgaria;;;
Borislav Milic;Yugoslavia;;;
Sophie Milliet;France;;;
Stuart MilnerBarry;England;;;
Vadim Milov;Russia;Israel;Switzerland;
Artashes Minasian;Armenia;;;
Johannes Minckwitz;Germany;;;
Nikolay Minev;Bulgaria;USA;;
Dragoljub Minić;Montenegro;;;
Evgenij Miroshnichenko;Ukraine;;;
Azer Mirzoev;Azerbaijan;;;
Vesna Mišanović;Bosnia;;;
Kamil Mitoń;Poland;;;
Lilit Mkrtchian;Armenia;;;
Stasch Mlotkowski;USA;;;
Abram Model;Latvia;Russia;;
Charles Moehle;USA;;;
Jorgen Moeller;Denmark;;;
Ariah Mohiliver;Poland;Israel;;
Stefan Mohr;Germany;;;
Alexander Moiseenko;Ukraine;;;
Baldur Möller;Iceland;;;
Augustus Mongredien;England;;;
Léon Monosson;Belarus;France;;
Julius du Mont;France;England;;
Mario Monticelli;Italy;;;
María Teresa Mora;Cuba;;;
Elshan Moradi;Iran;;;
Luciana Morales Mendoza;Peru;;;
Kalikst Morawski;Poland Bruno Moritz;Germany;Ecuador ;
Iván Morovic;Chile;;;
Alexander Moroz (chess player);Ukraine;;;
Alexander Morozevich;Russia;;;
Paul Morphy;USA;;;
John Morrison;Canada;;;
Niaz Morshed;Bangladesh;;;
Paul Motwani;Scotland;;;
Alexander Motylev;Russia;;;
Sergei Movsesian;Armenia;Slovakia;;
Paul Mross;Poland;Germany;;
Martin Mrva;Slovakia;;;
André Muffang;France;;;
Hans Müller;Austria;;;
Karsten Müller;Germany;;;
César Muñoz;Ecuador;;;
Piotr Murdzia;Poland;;;
Jacob Murey;Russia;Israel;;
Augusto de Muro;Argentina;;;
Phiona Mutesi;Uganda;;;
Anna Muzychuk;Ukraine;Slovenia;;
Lkhamsürengiin Myagmarsüren;Mongolia;;;
Hugh Myers;USA;;;
Ashot Nadanian;Armenia;;;
Arkadij Naiditsch;Latvia;Germany;;
Oskar Naegeli;Switzerland;;;
Géza Nagy;Hungary;;;
Miguel Najdorf;Poland;Argentina;;
Hikaru Nakamura;Japan;USA;;
William Napier;England;USA;;
Mario Napolitano;Italy;;;
Renato Naranja;Philippines;;;
Srinath Narayanan;India;;;
Daniel Naroditsky;USA;;;
David Navara;Czech Republic;;;
Vera Nebolsina;Russia;;;
Ozren Nedeljković;Serbia;;;
Gastón Needleman;Argentina;;;
Parimarjan Negi;India;;;
Iivo Nei;Estonia;;;
Oleg Neikirch;Georgia;Bulgaria;;
Kateřina Němcová;Czech Republic;;;
Vladimir Nenarokov;Russia;;;
Ian Nepomniachtchi;Russia;;;
Vincenzo Nestler;Italy;;;
Augustin Neumann;Austria;;;
Gustav Neumann;Germany;;;
Vladislav Nevednichy;Romania;;;
Valeriy Neverov;Ukraine;;;
Rashid Nezhmetdinov;Russia;;;
Ni Hua;China;;;
Arno Nickel;Germany;;;
Bryon Nickoloff;Canada;;;
Bjørn Nielsen;Denmark;;;
Peter Heine Nielsen;Denmark;;;
Torkil Nielsen;Faroe Islands;;;
Walter Niephaus;Germany;;;
Yuri Nikolaevsky;Ukraine;;;
Ioannis Nikolaidis;Greece;;;
Predrag Nikolić;Bosnia and Herzegovina;;;
Allan Nilsson;Sweden;;;
Aron Nimzowitsch;Latvia;Denmark;;
Ning Chunhong;China;;;
LiviuDieter Nisipeanu;Romania;;;
Josef Noa;Hungary;;;
Jesus Nogueiras;Cuba;;;
Federico Norcia;Italy;;;
Holger NormanHansen;Denmark;;;
David Norwood;England;;;
Daniël Noteboom;Netherlands;;;
Igor Novikov;Ukraine;USA;;
Nikolay Novotelnov;Russia;;;
Heinz Nowarra;Germany ;;;
John Nunn;England;;;
Friedrich Nürnberg;Germany;;;
Tomi Nyback;Finland;;;
Gustaf Nyholm;Sweden;;;
Illya Nyzhnyk;Ukraine;;;
Kevin O'Connell;England;Ireland;;
Handszar Odeev;Turkmenistan;;;
Leif Øgaard;Norway;;;
John O'Hanlon;Ireland;;;
Tõnu Õim;Estonia;;;
Kaarle Ojanen;Finland;;;
Albéric O'Kelly de Galway;Belgium;;;
Friðrik Ólafsson;Iceland;;;
Helgi Ólafsson;Iceland;;;
Mikhailo Oleksienko;Ukraine;;;
Lembit Oll;Estonia;;;
Adolf Georg Olland;Netherlands;;;
Anton Olson;Sweden;;;
Alexander Onischuk;Ukraine;USA;;
Karel Opočensky;Czechoslovakia;;;
Wilhelm Orbach;Germany;;;
Menachem Oren;Poland;Israel;;
Gerard Oskam;Netherlands;;;
Berge Ostenstad;Norway;;;
John Owen;England;;;
Karlis Ozols;Latvia;Australia;;
Ludek Pachman;Czechoslovakia;Germany;;
Nikola Padevsky;Bulgaria;;;
Elisabeth Pähtz;Germany;;;
Mladen Palac;Croatia;;;
Sam Palatnik;Ukraine;USA;;
Luis Palau;Argentina ;;;
Victor Palciauskas;Lithuania;USA;;
Richard Palliser;England;;;
Rudolf Palme;Austria;;;
Ryan Palmer;Jamaica;;;
Davor Palo;Denmark;;;
Eero Paloheimo;Finland;;;
Oscar Panno;Argentina;;;
Vasily Panov;Russia;;;
Mark Paragua;Philippines;;;
Shadi Paridar;Iran;;;
Mircea Parligras;Romania;;;
Bruno Parma;Slovenia;;;
Frank Parr;England;;;
Louis Paulsen;Germany;;;
Wilfried Paulsen;Germany;;;
Duško Pavasovič;Croatia;Slovenia;;
Max Pavey;USA;;;
Jiří Pelikán;Czechoslovakia;Argentina;;
Yannick Pelletier;Switzerland;;;
Roman Pelts;Ukraine;Canada;;
Peng Xiaomin;China;;;
Peng Zhaoqin;China;;;
Jonathan Penrose;England;;;
Corina Peptan;Romania;;;
Julius Perlis;Poland;Austria;;
Frederic Perrin;England;USA;;
Raaphi Persitz;England;Israel;Switzerland;
Nick Pert;England;;;
John Peters;USA;;;
Jusefs Petkevich;Latvia;;;
Arshak Petrosian;Armenia;;;
Davit G. Petrosian;Armenia;;;
Tigran Petrosian;Armenia;Georgia;USSR;
Alexander Petrov;Russia;;;
Vladimirs Petrovs;Latvia;;;
Gerhard Pfeiffer;Germany;;;
François André Danican Philidor;France;;;
Luis Piazzini;Argentina;;;
Jeroen Piket;Netherlands;;;
Harry Nelson Pillsbury;USA;;;
Herman Pilnik;Germany;Argentina;;
Karol Piltz;Poland;;;
Albert Pinkus;USA;;;
József Pintér;Hungary;;;
Vasja Pirc;Slovenia;;;
Rudolf Pitschak;Czechoslovakia;USA;;
Karl Pitschel;Austria;;;
Aaron Pixton;USA;;;
Ján Plachetka;Slovakia;;;
Albin Planinc;Slovenia;;;
James Plaskett;England;Spain;;
Kazimierz Plater;Poland;;;
Igor Platonov;Ukraine;;;
Joseph Platz;Germany;USA;;
Isaias Pleci;Argentina;;;
David Podhorzer;Austria;;;
Natalia Pogonina;Russia;;;
Henryk Pogorieły;Poland;;;
Ernest Pogosyants;Ukraine;;;
Iosif Pogrebyssky;Ukraine;;;
Amos Pokorný;Czechoslovakia;;;
Rudolph Pokorny;Bohemia;Mexico;USA;
Giulio Polerio;Italy;;;
Judit Polgár;Hungary;;;
Zsuzsa Polgar;Hungary;USA;;
Zsofia Polgar;Hungary;Israel;;
Elisabeta Polihroniade;Romania;;;
David Polland;USA;;;
William Pollock;United Kingdom;;;
Lev Polugaevsky;Belarus;Russia;;
Arturo Pomar;Spain;;;
Ruslan Ponomariov;Ukraine;;;
Domenico Ponziani;Italy;;;
Stepan Popel;Poland;France;USA;
Ignatz von Popiel;Austria;Hungary;Poland;
Petar Popović;Yugoslavia;Serbia;;
Artur Poplawski;Poland;Switzerland;;
Yosef Porath;Germany;Israel;;
Moritz Porges;Bohemia;Austria;Hungary;
Lajos Portisch;Hungary;;;
Ehrhardt Post;Germany;;;
Evgeny Postny;Israel;;;
Peter Potemkine;Russia;France;;
Vladimir Potkin;Russia;;;
Ludovit Potuček;Slovakia;;;
Christian Poulsen;Denmark;;;
Atousa Pourkashiyan;Iran;;;
Borki Predojević;Bosnia;;;
Edith Charlotte Price;England;;;
Lodewijk Prins;Netherlands;;;
Svetlana Prudnikova;Russia;;;
Dawid Przepiórka;Poland;;;
Lev Psakhis;Russia;Israel;;
Lenka Ptacnikova;Czechoslovakia;Iceland;;
Stojan Puc;Slovenia;;;
Viktors Pupols;Latvia;USA;;
Cecil Purdy;New Zealand;Australia;;
John Purdy;Australia;;;
Qi Jingxuan;China;;;
Qin Kanying;China;;;
Oscar Quiñones;Peru;;;
Miguel Quinteros;Argentina;;;
Braslav Rabar;Croatia;;;
Abram Rabinovich;Lithuania;Russia;;
Ilya Rabinovich;Russia;;;
Teimour Radjabov;Azerbaijan;;;
Ivan Radulov;Bulgaria;;;
Markus Ragger;Austria;;;
Viacheslav Ragozin;Russia;;;
Ziaur Rahman;Bangladesh;;;
Maurice Raizman;Moldova;Russia;France;
Iweta Rajlich;Poland;;;
Ramachandran Ramesh;India;;;
Alejandro Ramírez;Costa Rica;;;
Richárd Rapport;Hungary;;;
Nukhim Rashkovsky;Russia;;;
Ilmar Raud;Estonia;Argentina;;
Vsevolod Rauzer;Ukraine;;;
Yuri Razuvayev;Russia;;;
Damian Reca;Argentina;;;
Hans Ree;Netherlands;;;
Brian Reilly;France;England;Ireland ;
Dimitri Reinderman;Netherlands;;;
Fred Reinfeld;USA;;;
Heinrich Reinhardt;Germany;Argentina;;
Salome Reischer;Austria;Palestine;USA;
Teodor Regedziński;Poland;;;
Arturo Reggio;Italy;;;
Josef Rejfir;Czechoslovakia;;;
Ludwig Rellstab;Germany;;;
Georges Renaud;France;;;
Samuel Reshevsky;Poland;USA;;
Pál Réthy;Hungary;;;
Richard Réti;Austria;Hungary;Czechoslovakia;
Ramón Rey Ardid;Spain;;;
Alexander Riazantsev;Russia;;;
Zoltán Ribli;Hungary;;;
Pablo Ricardi;Argentina;;;
Isaac Rice;USA;;;
Kurt Richter;Germany;;;
Antonio Rico;Spain;;;
Alessandra Riegler;Italy;;;
Fritz Riemann;Germany;;;
Herman Van Riemsdijk;Netherlands;Brazil;;
Friedl Rinder;Germany;;;
Horst Rittner;Germany;;;
Nikolai Riumin;Russia;;;
Jules Arnous de Rivière;France;;;
Karl Robatsch;Austria;;;
Walter Robinow;Germany;;;
Ray Robson;USA;;;
Ludwig Rödl;Germany;;;
Maxim Rodshtein;Israel;;;
H. Roepstorff;Germany;;;
Ian Rogers;Australia;;;
Gustav Rogmann;Germany;;;
Kenneth Rogoff;USA;;;
Dorian Rogozenko;Romania;;;
Ivan Vladimir Rohaček;Slovakia;;;
Michael Rohde;USA;;;
Michael Roiz;Russia;Israel;;
Oleg Romanishin;Ukraine;;;
Alexander Romanovsky;Lithuania;Russia;;
Peter Romanovsky;Russia;;;
Max Romih;Croatia;Italy;;
Chris de Ronde;Netherlands;Argentina;;
Catharina Roodzant;Netherlands;;;
Salme Rootare;Estonia;;;
Vidrik Rootare;Estonia;;;
Jakob Rosanes;Ukraine;Austria;Hungary;Germany
Bernardo Roselli;Uruguay;;;
Leon Rosen;Poland;USA;;
Andreas Rosendahl;Denmark;;;
Karl Wilhelm Rosenkrantz;Latvia;Russia;;
Jacob Rosenthal;USA;;;
Samuel Rosenthal;Poland;France;;
Laura Ross;USA;;;
Stefano Rosselli del Turco;Italy;;;
Héctor Rossetto;Argentina;;;
Nicolas Rossolimo;Ukraine;France;USA;
Gersz Rotlewi;Poland;;;
Eugéne Rousseau;France;;;
Jonathan Rowson;Scotland;;;
Solomon Rozental;Lithuania;Belarus;;
Eduardas Rozentalis;Lithuania;;;
Vesna Rožič;Slovenia;;;
Ruan Lufei;China;;;
Serge Rubanraut;China;Australia;;
Karl Ruben;Denmark;;;
Jorge Rubinetti;Argentina;;;
Akiba Rubinstein;Poland;Germany;Belgium;
Emanuel Rubinstein;Poland;;;
José Rubinstein;Argentina;;;
Simon Rubinstein;Austria;South Africa;;
Solomon Rubinstein;Poland;USA;;
Sergei Rublevsky;Russia;;;
Olga Rubtsova;Russia;;;
Iosif Rudakovsky;Ukraine;;;
Lyudmila Rudenko;Ukraine;Russia;;
Mary Rudge;England;;;
Nikoly Rudnev;Ukraine;Uzbekistan;;
Anna Rudolf;Hungary;;;
Alexander Rueb;Netherlands;;;
Mikhail Rytshagov;Estonia;;;
Peter Alexandrovich Saburov;Russia;;;
Peter Petrovich Saburov;Russia;Switzerland;;
Antonio Sacconi;Italy;;;
Matthew Sadler;England;;;
Darmen Sadvakasov;Kazakhstan;;;
Yousof Safvat;Iran;born;;
Pierre Charles Fournier de SaintAmant;France;;;
Jaroslav Šajtar;Czechoslovakia;;;
Konstantin Sakaev;Russia;;;
Yuri Sakharov;Ukraine;;;
Valery Salov;Russia;;;
Alessandro Salvio;Italy;;;
Gersz Salwe;Poland;;;
Friedrich (Fritz) Sämisch;Germany;;;
Sergiu Samarian;Romania;Germany;;
Grigory Sanakoev;Russia;;;
Luis Augusto Sánchez;Colombia;;;
Raúl Sanguineti;Argentina;;;
Anthony Santasiere;USA;;;
Emmanuel Sapira;Romania;Belgium;;
Ortvin Sarapu;Estonia;New Zealand;;
Jonathan Sarfati;Australia;New Zealand;;
Gabriel Sargissian;Armenia;;;
Ivan Šarić;Croatia;;;
Zoltan Sarosy;Hungary;Canada;;
Jacob Sarratt;England;;;
Jeff Sarwer;Canada;;;
Krishnan Sasikiran;India;;;
Harold Saunders;England;;;
Stanislav Savchenko;Ukraine;;;
Vladimir Savon;Ukraine;;;
Gyula Sax;Hungary;;;
Emil Schallopp;Germany;;;
Morris Schapiro;Lithuania;USA;;
Willem Schelfhout;Netherlands;;;
Theo van Scheltinga;Netherlands;;;
Theodor von Scheve;Germany;;;
Emanuel Schiffers;Russia;;;
Willi Schlage;Germany;;;
Carl Schlechter;Austria;;;
Roland Schmaltz;Germany;;;
Carl Friedrich Schmid;Latvia;;;
Lothar Schmid;Germany;;;
Paul Felix Schmidt;Estonia;Germany;USA;
Wlodzimierz Schmidt;Poland;;;
Ludwig Schmitt;Germany;;;
Wilhelm Schönmann;Germany;;;
Georg Schories;Germany;;;
Karl Schorn;Germany;;;
Arnold Schottländer;Germany;;;
František Schubert;Czechoslovakia;;;
John William Schulten;USA;;;
Jan Schulz;Czechoslovakia;;;
Aaron Schwartzman;Argentina;;;
Gabriel Schwartzman;Romania;USA;;
Leon Schwartzmann;Poland;France;;
Paulette Schwartzmann;Latvia;France;Argentina;
Adolf Schwarz;Hungary;Austria;;
Jacques Schwarz;Austria;;;
Samuel Schweber;Argentina;;;
Marie Sebag;France;;;
Yasser Seirawan;Syria;USA;;
Adolf Seitz;Germany;Argentina;;
Alexey Selezniev;Russia;France;;
Lidia Semenova;Ukraine;;;
Olav Sepp;Estonia;;;
Edward Guthlac Sergeant;England;;;
Philip Walsingham Sergeant;England;;;
Aleksandr Sergeyev;Russia;;;
Drazen Sermek;Slovenia;;;
Gregory Serper;Uzbekistan;USA;;
Alexander Shabalov;Latvia;USA;;
Greg Shahade;USA;;;
Jennifer Shahade;USA;;;
Leonid Shamkovich;Russia;Israel;USA;
Gauri Shankar;India;;;
Samuel Shankland;USA;;;
Andrey Shariyazdanov;Russia;;;
Elizabeth Shaughnessy;Ireland;USA;;
Shen Yang;China;;;
James Sherwin;USA;England;;
Sergei Shipov;Russia;;;
Kamran Shirazi;Iran;USA;France;
Alexei Shirov;Latvia;Spain;;
Nigel Short;England;;;
Jackson Showalter;USA;;;
Yury Shulman;Belarus;USA;;
Ilya Shumov;Russia;;;
Félix Sicre;Cuba;;;
Bruno Edgar Siegheim;Germany;South Africa;;
Guðmundur Sigurjónsson;Iceland;;;
Jeremy Silman;USA;;;
Vladimir Simagin;Russia;;;
Albert Simonson;USA;;;
Amon Simutowe;Zambia;;;
Marcel Sisniega Campbell;Mexico;;;
Stanislaus Sittenfeld;Poland;France;;
Sanan Sjugirov;Russia;;;
Karel Skalička;Czechoslovakia;Argentina;;
Almira Skripchenko;Moldova;France;;
Bogdan Śliwa;Poland;;;
Sam Sloan;United States;;;
Roman Slobodjan;Germany;;;
Jorn Sloth;Denmark;;;
Jan Smeets;Netherlands;;;
Jan Smejkal;Czechoslovakia;;;
David Smerdon;Australia;;;
Shlomo Smiltiner;Israel;;;
Ilya Smirin;Belarus;Israel;;
Pavel Smirnov;Russia;;;
Stephen Francis Smith;Canada;England;;
Vasily Osipovich Smyslov;Russia;;;
Vasily Smyslov;Russia;;;
Wesley So;Philippines;;;
Bartosz Soćko;Poland;;;
Monika Soćko;Poland;;;
Andrei Sokolov;Russia;France;;
Ivan Sokolov;Bosnia;Netherlands;;
Alexey Sokolsky;Ukraine;Belarus;;
Dragan Solak;Serbia;;;
Alexander Solovtsov;Russia;;;
Andrew Soltis;USA;;;
Ariel Sorin;Argentina;;;
Genna Sosonko;Russia;Netherlands;;
Victor Soultanbeieff;Russia;Belgium;;
Vladimir Sournin;Russia;USA;;
João de Souza Mendes;Brazil;;;
Hugo Spangenberg;Argentina;;;
Vasil Spasov;Bulgaria;;;
Boris Spassky;Russia;France;;
Jon Speelman;England;;;
Abraham Speijer;Netherlands;;;
Rudolf Spielmann;Austria;Sweden;;
Kevin Spraggett;Canada;;;
Ana Srebrnič;Slovenia;;;
Gideon Stahlberg;Sweden;;;
Wilhelm von Stamm;Latvia;;;
Phillip Stamma;Syria;England;France;
Nikolaus Stanec;Austria;;;
Charles Stanley;England;USA;;
Nava Starr;Latvia;Canada;;
Howard Staunton;England;;;
Michael Stean;England;;;
Antoaneta Stefanova;Bulgaria;;;
Hannes Stefansson;Iceland;;;
Elias Stein;Alsace;Netherlands;;
Leonid Stein;Ukraine;;;
Endre Steiner;Hungary;;;
Lajos Steiner;Hungary;Australia;;
Herman Steiner;Slovakia/Hungary;USA;;
Wilhelm Steinitz;Bohemia;Austria;England;USA
Daniel Stellwagen;Netherlands;;;
Károly Sterk;Hungary;;;
Adolf Stern;Germany;;;
Paul van der Sterren;Netherlands;;;
Agnes Stevenson;England;;;
Lara Stock;Croatia;;;
Mark Stolberg;Russia;;;
Gösta Stoltz;Sweden;;;
Leon Stolzenberg;Poland;USA;;
Zurab Sturua;Georgia;;;
Mihai Suba;Romania;;;
Mladen Šubarić;Croatia;;;
Hugo Süchting;Germany;;;
Alexey Suetin;Russia;;;
Berthold Suhle;Poland;Germany;;
Franciszek Sulik;Poland;Argentina;Australia;
Šarūnas Šulskis;Lithuania;;;
Aaron Summerscale;England;;;
Anne Sunnucks;England;;;
Jaime Sunye Neto;Brazil;;;
Emil Sutovsky;Azerbaijan;Israel;;
Duncan Suttles;Canada;;;
Evgeny Sveshnikov;Latvia;;;
Dmitry Svetushkin;Moldova;;;
Peter Svidler;Russia;;;
Rudolf Swiderski;Germany;;;
Eugenio Szabados;Hungary;Italy;;
László Szabó;Hungary;;;
Gedali Szapiro;Poland;Israel;;
Salomon Szapiro;Poland;;;
Rudolph Sze;China;USA;;
József Szén;Hungary;;;
József Szily;Hungary;;;
Jorge Szmetan;Argentina;;;
Aleksander Sznapik;Poland;;;
Abram Szpiro;Germany;Poland;;
Mark Taimanov;Ukraine;Russia;;
Sándor Takács;Hungary;;;
Mikhail Tal;Latvia;;;
Tan Chengxuan;China;;;
Hiong Liong Tan;Indonesia;Netherlands;;
Lian Ann Tan;Singapore;;;
László Tapasztó;Hungary;Venezuela;USA;
James Tarjan;USA;;;
Siegbert Tarrasch;Germany;;;
Savielly Tartakower;Austria/Poland;France;;
Jean Taubenhaus;Poland;France;;
Lev Taussig;Czechoslovakia;;;
Povilas Tautvaišas;Lithuania;USA;;
Jan Willem te Kolsté;Netherlands;;;
Richard Teichmann;Germany;;;
Oscar Tenner;Germany;USA;;
Rudolf Teschner;Germany;;;
Vitaly Teterev;Belarus;;;
Praveen Thipsay;India;;;
Murugan Thiruchelvam;England;;;
George Alan Thomas;Turkey;England;;
James Thompson;England;USA;;
Theophilus Thompson;USA;;;
Tian Tian;China;;;
Viktor Tietz;Czechoslovakia;;;
Hans Tikkanen;Sweden;;;
Jan Timman;Netherlands;;;
Gert Jan Timmerman;Netherlands;;;
Artyom Timofeev;Russia;;;
Sergei Tiviakov;Russia;Netherlands;;
Jonathan Tisdall;USA;Norway;;
Vladislav Tkachiev;Russia;Kazakhstan;France;
Miodrag Todorcevic;Serbia;France;;
Alexander Tolush;Russia;;;
Evgeny Tomashevsky;Russia;;;
Vasilije Tomović;Montenegro;;;
Tong Yuanming;China;;;
Alice Tonini;Italy;;;
Veselin Topalov;Bulgaria;;;
Eugenio Torre;Philippines;;;
Carlos Torre Repetto;México;;;
Yury Toshev;Bulgaria;;;
Izaak Towbin;Ukraine;Poland;;
Karel Traxler;Czechoslovakia;;;
Herbert William Trenchard;England;;;
František Treybal;Czechoslovakia;;;
Karel Treybal;Czechoslovakia;;;
George Treysman;USA;;;
Petar Trifunović;Croatia;Serbia;;
Georgi Tringov;Bulgaria;;;
Paul Truong;Vietnam;USA;;
Anatol Tschepurnoff;Finland;;;
Mark Tseitlin;Russia;Israel;;
Mikhail Tseitlin;Belarus;Russia;;
Vitaly Tseshkovsky;Russia;;;
Alexander Tsvetkov;Bulgaria;;;
Leon TuhanBaranowski;Poland;Germany;;
Vladimir Tukmakov;Ukraine;;;
Myroslav Turiansky;Ukraine;USA;;
Johannes Türn;Estonia;;;
Abe Turner;USA;;;
Maxim Turov;Russia;;;
Isador Samuel Turover;Belgium;USA;;
Theodore Tylor;England;;;
Dimitri Tyomkin;Canada;;;
Alexandru Tyroler;Romania;;;
Louis Uedemann;USA;;;
Shinsaku Uesugi;Japan;;;
Wolfgang Uhlmann;Germany;;;
Tüdeviin Üitümen;Mongolia;;;
Maximilian Ujtelky;Hungary/Slovakia;;;
Mikhail Ulibin;Russia;;;
Mikhail Umansky;Russia;;;
Wolfgang Unzicker;Germany;;;
Anna Ushenina;Ukraine;;;
Maxime VachierLagrave;France;;;
Rafael Vaganian;Armenia;;;
Samuil Vainshtein;Russia;;;
Anatoly Vaisser;Kazakhstan;France;;
Povilas Vaitonis;Lithuania;Canada;;
Árpád Vajda;Hungary;;;
Francisco Vallejo Pons;Spain;;;
Michael Valvo;USA;;;
Cyril Vansittart;England;Italy;;
Zoltán Varga;Hungary;;;
Egon Varnusz;Hungary;;;
Evgeni Vasiukov;Russia;;;
Petar Velikov;Bulgaria;;;
Dragoljub Velimirović;Serbia;;;
Gavriil Veresov;Russia;;;
Beniamino Vergani;Italy;;;
Giovanni Vescovi;Brazil;;;
Boris Verlinsky;Ukraine;Russia;;
Milan Vidmar;Slovenia;;;
Milan Vidmar;Jr.;Slovenia;;
Subbaraman Vijayalakshmi;India;;;
Benito Villegas;;Argentina;;
Yakov Vilner;Ukraine;;;
William Samuel Viner;Australia;;;
Isakas Vistaneckis;Lithuania;Israel;;
Nikita Vitiugov;Russia;;;
Alvis Vitolinš;Latvia;;;
Evgeny Vladimirov;Kazakhstan;;;
Louis van Vliet;Netherlands;;;
Erwin Voellmy;Switzerland;;;
Sergey Volkov;Russia;;;
Andrei Volokitin;Ukraine;;;
Larisa Volpert;Russia;;;
Andrey Vovk;Ukraine;;;
Yuri Vovk;Ukraine;;;
Zvonko Vranesic;Croatia;Canada;;
Milan Vukcevich;Serbia;USA;;
Milan Vukić;Serbia;Bosnia;;
Vladimir Vuković;Croatia;;;
Konstantin Vygodchikov;Belarus;Russia;;
Alexey Vyzmanavin;Russia;;;
Robert Wade;New Zealand;England;;
Alexander Wagner;Poland;;;
Heinrich Wagner;Germany;;;
Victor Wahltuch;England;;;
Josh Waitzkin;United States;;;
Carl August Walbrodt;Netherlands;Germany;;
George Walker;England;;;
Max Walter;Slovakia;;;
Wang Hao;China;;;
Wang Lei;China;;;
Wang Pin;China;;;
Wang Puchen;China;New Zealand;;
Wang Rui;China;;;
Wang Yu;China;;;
Wang Yue;China;;;
Chris Ward;England;;;
Preston Ware;USA;;;
Cathy Warwick;England;;;
Miyoko Watai;Japan;;;
John L. Watson;USA;;;
William Watson;England;;;
William Wayte;England;;;
Simon Webb;England;;;
Tom Wedberg;Sweden;;;
Henri Weenink;Netherlands;;;
Otto Wegemund;Germany;;;
Wolfgang Weil;Austria;;;
Max Weiss;Hungary;Austria;;
Peter Wells;England;;;
Loek van Wely;Netherlands;;;
Carl Wemmers;Germany;;;
Wen Yang;China;;;
Jan Werle;Netherlands;;;
Guy West;Australia;;;
Heikki Westerinen;Finland;;;
Bernardo Wexler;Romania;Argentina;;
Kasimir de Weydlich;Poland;;;
Norman Tweed Whitaker;USA;;;
Michael Wiedenkeller;Sweden;;;
John van der Wiel;Netherlands;;;
Arthur Wijnans;Indonesia;Netherlands;;
Elijah Williams;England;;;
Szymon Winawer;Poland;;;
Karl Gottlieb von Windisch;Slovakia;Hungary;Austria;
Peter Winston;USA;;;
William Winter;England;;;
Victor Winz;Germany;Israel;Argentina;
John Wisker;England;;;
Alexander Wittek;Croatia;Austria;;
Aleksandar Wohl;Australia;;;
Antoni Wojciechowski;Poland;;;
Radosław Wojtaszek;Poland;;;
Aleksander Wojtkiewicz;Latvia;Poland;USA;
Heinrich Wolf;Austria;;;
Siegfried Reginald Wolf;Austria;Israel;;
Paula WolfKalmar;Austria;;;
Balduin Wolff;Germany;;;
Patrick Wolff;USA;;;
Wong Meng Kong;Singapore;;;
Baruch Harold Wood;England;;;
Wu Mingqian;China;;;
Wu Shaobin;Singapore;;;
Wu Wenjin;China;;;
Marmaduke Wyvill;England;;;
Xie Jun;China;;;
Xu Jun;China;;;
Xu Yuanyuan;China;;;
Xu Yuhua;China;;;
Yuri Yakovich;Russia;;;
Daniel Yanofsky;Poland;Canada;;
Frederick Yates;England;;;
Ye Jiangchuan;China;;;
Ye Rongguang;China;;;
Olavo Yépez;Ecuador;;;
Trotzky Yepez;Ecuador;;;
Alex Yermolinsky;USA;;;
Betul Cemre Yildiz;Turkey;;;
Yin Hao;China;;;
Yu Shaoteng;China;;;
Leonid Yudasin;Russia;Israel;;
Mikhail Yudovich;Russia;;;
Peter Yurdansky;Russia;;;
Artur Yusupov;Russia;Germany;;
Józef Żabiński;Poland;;;
Aron Zabłudowski;Poland;;;
Aldo Zadrima;Albania;;;
Vladimir Zagorovsky;Russia;;;
Sergey Zagrebelny;Uzbekistan;;;
Alexander Zaitsev;Russia;;;
Igor Zaitsev;Russia;;;
Lazar Zalkind;Ukraine;;;
Oswaldo Zambrana;Bolivia;;;
Abram Zamikhovsky;Ukraine;;;
Alonso Zapata;Colombia;;;
Pablo Zarnicki;Argentina;;;
Anna Zatonskih;Ukraine;USA;;
Tatiana Zatulovskaya;Azerbaijan;Russia;Israel;
Jolanta Zawadzka;Poland;;;
Elmārs Zemgalis;Latvia;USA;;
Zhang Jilin;China;;;
Zhang Pengxiang;China;;;
Zhang Weida;China;;;
Zhang Xiaowen;China;;;
Zhang Zhong;China;Singapore;;
Zhao Jun;China;;;
Zhao Lan;China;;;
Zhao Xue;China;;;
Zhao ZongYuan;China;Australia;;
Peng Zhaoqin;China;;;
Viktor Zheliandinov;Ukraine;;;
Zhou Jianchao;China;;;
Zhou Weiqi;China;;;
Zhu Chen;China;;;
Natalia Zhukova;Ukraine;;;
Yaacov Zilberman;Israel;;;
Otto Zimmermann;Switzerland;;;
Adolf Zinkl;Bohemia;Austria;;
Emil Zinner;Czechoslovakia;;;
František Zíta;Czechoslovakia;;;
Eugene ZnoskoBorovsky;Russia;France;;
Leo Zobel;Slovakia;;;
Alexander Zubarev;Ukraine;;;
Nikolai Zubarev;Russia;;;
Bernard Zuckerman;USA;;;
Johannes Zukertort;Poland;Germany;England;
Vadim Zvjaginsev;Russia;;;
Kira Zvorykina;Ukraine;Russia;Belarus;Bulgaria
Adolf Zytogorski;Poland;England;;
Lajos Asztalos;Austria;Hungary;Yugoslavia;Hungary
